model_feature,source_descriptor,source_workbook_column
feature1,C数,2
feature2,θP-Rh-R,3
feature3,θH-Rh-Cα,4
feature4,θH-Rh-Cβ,5
feature5,θH-Rh-Cγ,6
feature6,θH-Rh-Pe,7
feature7,θH-Rh-Pa,8
feature8,θCα-Rh-Pa,9
feature9,θCα-Rh-Pe,10
feature10,θCβ-Rh-Pa,11
feature11,θCβ-Rh-Pe,12
feature12,θH-Rh-CO,13
feature13,θPe-Rh-CO,14
feature14,θPα-Rh-CO,15
feature15,DH-Cα,16
feature16,DH-Cβ,17
feature17,DH-Cγ,18
feature18,DH-Pe,19
feature19,DH-Pa,20
feature20,DCα-Pa,21
feature21,DCα-Pe,22
feature22,DCβ-Pa,23
feature23,DCβ-Pe,24
feature24,θH-Rh-Cα-Cβ,25
feature25,θH-Rh-Cβ-Cα,26
feature26,DP(a)-Rh,27
feature27,DP(e)-Rh,28
feature28,DP-P,29
feature29,DH-Rh,30
feature30,DRh-CO,31
feature31,vH,32
feature32,峰高_vH,33
feature33,vCO,34
feature34,峰高_vco,35
feature35,ESP(Rh),36
feature36,ESP(Pa),37
feature37,ESP(Pe),38
feature38,ESP(Cα),39
feature39,ESP(Cβ),40
feature40,ESP(H),41
feature41,NPA(Rh),42
feature42,NPA(Pa),43
feature43,NPA(Pe),44
feature44,NPA(Cα),45
feature45,NPA(Cβ),46
feature46,NPA(H),47
feature47,Q(Rh),48
feature48,Q(Pa),49
feature49,Q(Pe),50
feature50,Q(Cα),51
feature51,Q(Cβ),52
feature52,Q(H),53
feature53,ELUMO,54
feature54,EHOMO,55
feature55,E(HO-LU),56
feature56,HF值,57
feature57,Gcorr,58
feature58,G,59
feature59,Vbur,60
