model_feature,source_descriptor,source_index,ordering_family,mono_unit_group
feature1,DCα-Pa,20,1,distance
feature2,DCα-Pe,21,1,distance
feature3,DCβ-Pa,22,1,distance
feature4,DH-Cβ,16,1,distance
feature5,DH-Pa,19,1,distance
feature6,DH-Pe,18,1,distance
feature7,DP(a)-Rh,26,1,distance
feature8,DRh-CO,30,1,distance
feature9,ELUMO,53,2,orbital_energy
feature10,ESP(Cβ),39,3,esp
feature11,ESP(H),40,3,esp
feature12,G,58,4,thermochemical_energy
feature13,Gcorr,57,4,thermochemical_energy
feature14,HF值,56,4,thermochemical_energy
feature15,NPA(Cα),44,5,npa_charge
feature16,NPA(Cβ),45,5,npa_charge
feature17,NPA(Pa),42,5,npa_charge
feature18,NPA(Pe),43,5,npa_charge
feature19,Q(Cα),50,6,charge_or_volume
feature20,Q(H),52,6,charge_or_volume
feature21,Q(Pa),48,6,charge_or_volume
feature22,Q(Pe),49,6,charge_or_volume
feature23,C数,1,7,charge_or_volume
feature24,Vbur,59,7,charge_or_volume
feature25,vH,31,8,frequency
feature26,θCα-Rh-Pa,8,9,angle
feature27,θCβ-Rh-Pa,10,9,angle
feature28,θH-Rh-Pa,7,9,angle
feature29,θH-Rh-Pe,6,9,angle
feature30,θP-Rh-R,2,9,angle
feature31,θPα-Rh-CO,14,9,angle
