feature,source_index,pearson_r,pearson_abs,chatterjee_xi,pearson_top20_rank,chatterjee_top20_rank,selected_union
C数,1,0.4010591752666494,0.4010591752666494,0.060869565217391286,14,,True
θP-Rh-R,2,0.46288526107307276,0.46288526107307276,0.060869565217391286,6,,True
θH-Rh-Cα,3,-0.07367085180838999,0.07367085180838999,0.013913043478260834,,,False
θH-Rh-Cβ,4,-0.20650050430204958,0.20650050430204958,-0.08000000000000007,,,False
θH-Rh-Cγ,5,-0.14829118762674087,0.14829118762674087,-0.07478260869565223,,,False
θH-Rh-Pe,6,-0.2589013184536828,0.2589013184536828,0.13913043478260867,,14,True
θH-Rh-Pa,7,-0.3634787436001642,0.3634787436001642,0.2747826086956522,18,5,True
θCα-Rh-Pa,8,0.08337342974721094,0.08337342974721094,0.1547826086956522,,13,True
θCα-Rh-Pe,9,-0.3093894932811595,0.3093894932811595,-0.03304347826086951,,,False
θCβ-Rh-Pa,10,-0.4265223923950436,0.4265223923950436,0.23304347826086957,9,6,True
θCβ-Rh-Pe,11,-0.25057628480289623,0.25057628480289623,0.019130434782608674,,,False
θH-Rh-CO,12,-0.23144685036294066,0.23144685036294066,0.09217391304347822,,,False
θPe-Rh-CO,13,-0.3134549986239677,0.3134549986239677,-0.04347826086956519,,,False
θPα-Rh-CO,14,-0.410323276481155,0.410323276481155,-0.012173913043478368,11,,True
DH-Cα,15,-0.049837273671864364,0.049837273671864364,0.003478260869565264,,,False
DH-Cβ,16,-0.08271501810727382,0.08271501810727382,0.10782608695652174,,19,True
DH-Cγ,17,-0.10891174906643933,0.10891174906643933,0.019130434782608674,,,False
DH-Pe,18,-0.44161402096977437,0.44161402096977437,0.09217391304347822,8,20,True
DH-Pa,19,-0.3410226414150236,0.3410226414150236,-0.07478260869565223,20,,True
DCα-Pa,20,-0.01133930455805952,0.01133930455805952,0.2904347826086957,,3,True
DCα-Pe,21,-0.27272532625783347,0.27272532625783347,0.1704347826086956,,9,True
DCβ-Pa,22,-0.4589839943663079,0.4589839943663079,0.1704347826086956,7,10,True
DCβ-Pe,23,-0.33545729694128934,0.33545729694128934,-0.05913043478260871,,,False
θH-Rh-Cα-Cβ,24,0.08446986627425596,0.08446986627425596,0.040000000000000036,,,False
θH-Rh-Cβ-Cα,25,0.046312973195328976,0.046312973195328976,-0.1791304347826086,,,False
DP(a)-Rh,26,-0.2774839074141498,0.2774839074141498,0.12347826086956526,,17,True
DP(e)-Rh,27,-0.24339599250318864,0.24339599250318864,0.050434782608695605,,,False
DP-P,28,0.2738439480623173,0.2738439480623173,0.07652173913043481,,,False
DH-Rh,29,0.005180040849983129,0.005180040849983129,0.060869565217391286,,,False
DRh-CO,30,0.22204612184304412,0.22204612184304412,0.28521739130434787,,4,True
vH,31,0.1658315600366954,0.1658315600366954,0.21739130434782605,,8,True
峰高_vH,32,-0.06931877528860193,0.06931877528860193,-0.14260869565217393,,,False
vCO,33,0.33487061462106305,0.33487061462106305,-0.03826086956521735,,,False
峰高_vco,34,-0.2570514458591784,0.2570514458591784,0.029565217391304355,,,False
ESP(Rh),35,-0.29949557765176316,0.29949557765176316,-0.2730434782608695,,,False
ESP(Pa),36,0.30461150948515253,0.30461150948515253,-0.006956521739130528,,,False
ESP(Pe),37,0.023579295289331104,0.023579295289331104,0.08695652173913049,,,False
ESP(Cα),38,0.16275904553806525,0.16275904553806525,-0.12173913043478257,,,False
ESP(Cβ),39,0.1434686706784633,0.1434686706784633,0.128695652173913,,15,True
ESP(H),40,0.373810367518561,0.373810367518561,0.029565217391304355,17,,True
NPA(Rh),41,-0.24716756314051108,0.24716756314051108,-0.11652173913043473,,,False
NPA(Pa),42,0.4179540762295984,0.4179540762295984,0.029565217391304355,10,,True
NPA(Pe),43,0.4049425137540167,0.4049425137540167,0.024347826086956514,13,,True
NPA(Cα),44,0.3745945764990303,0.3745945764990303,-0.04347826086956519,16,,True
NPA(Cβ),45,0.1215586024093569,0.1215586024093569,0.1704347826086956,,12,True
NPA(H),46,0.2935988645919992,0.2935988645919992,-0.05913043478260871,,,False
Q(Rh),47,-0.29922023123256286,0.29922023123256286,0.08173913043478265,,,False
Q(Pa),48,0.3872565394100613,0.3872565394100613,-0.006956521739130528,15,,True
Q(Pe),49,0.5286634052557813,0.5286634052557813,0.055652173913043446,3,,True
Q(Cα),50,0.46784120633919074,0.46784120633919074,0.2226086956521739,5,7,True
Q(Cβ),51,-0.28023980258371173,0.28023980258371173,-0.027826086956521667,,,False
Q(H),52,0.3573064536180346,0.3573064536180346,0.12347826086956526,19,18,True
ELUMO,53,-0.029752995351474038,0.029752995351474038,0.1704347826086956,,11,True
EHOMO,54,-0.10807906311367514,0.10807906311367514,-0.06956521739130439,,,False
E(HO-LU),55,-0.04220131345662326,0.04220131345662326,0.08695652173913049,,,False
HF值,56,-0.5518902880164102,0.5518902880164102,0.33739130434782605,1,2,True
Gcorr,57,0.48252999558430715,0.48252999558430715,0.128695652173913,4,16,True
G,58,-0.5518485400627201,0.5518485400627201,0.33739130434782605,2,1,True
Vbur,59,0.4095877916614402,0.4095877916614402,-0.07478260869565223,12,,True
