sample,raw_LB,model_target
LP1,1.6782142535864,1.6782142535864
LP2,1.7576664864503477,1.7576664864503477
LP3,1.6788347992495656,1.6788347992495656
LP4,0.81011514692008268,0.81011514692008268
LP5,1.6782893212927115,1.6782893212927115
LP6,1.2091696481548653,1.2091696481548653
LP7,1.7553423780149464,1.7553423780149464
LP8,1.7563837384559848,1.7563837384559848
LP9,1.6122982590600732,1.6122982590600732
LP10,1.6356102040948319,1.6356102040948319
LP11,1.6271063132106114,1.6271063132106114
LP12,1.7555367909040598,1.7555367909040598
LP13,1.7654667866558105,1.7654667866558105
LP14,2.386820439923703,2.386820439923703
LP15,1.6752686779930017,1.6752686779930017
LP16,1.1280384113700821,1.1280384113700821
LP17,1.67555132213192,1.67555132213192
LP18,1.5993968781049557,1.5993968781049557
LP19,1.4547665909816156,1.4547665909816156
LP20,1.1842406962751624,1.1842406962751624
LP21,1.4840689120471131,1.4840689120471131
LP22,1.2234946327547171,1.2234946327547171
LP23,1.77,1.77
LP24,1.55,1.55
