ligand_id,ligand,conversion_percent,TOF_h_inverse,experimental_LB_full_precision,table
LP1,PPh3,82.6,2955,1.6782142535864,S1
LP2,P(4-MePh)3,76.1,2718,1.7576664864503477,S1
LP3,P(3-MePh)3,81.04,2894,1.6788347992495656,S1
LP4,P(2-MePh)3,82.4,2947,0.81011514692008268,S1
LP5,P(4-MePh)Ph2,80.41,2872,1.6782893212927115,S1
LP6,P(2-MePh)Ph2,78.63,2808,1.2091696481548653,S1
LP7,P(4-OMePh)3,84.34,3012,1.7553423780149464,S1
LP8,P(3-OMePh)3,83.44,2981,1.7563837384559848,S1
LP9,P(2-OMePh)Ph2,81.68,2917,1.6122982590600732,S1
LP10,P(4-CHOPh)Ph2,81.54,2912,1.6356102040948319,S1
LP11,P(2-CHOPh)Ph2,84.58,3021,1.6271063132106114,S1
LP12,P(4-COOHPh)Ph2,12.7,454,1.7555367909040598,S1
LP13,P(3-COOHPh)Ph2,55.18,1971,1.7654667866558105,S1
LP14,P(2-COOHPh)Ph2,11.94,426,2.386820439923703,S1
LP15,P(4-BrPh)Ph2,80.34,2873,1.6752686779930017,S1
LP16,P(2-BrPh)Ph2,67.8,2421,1.1280384113700821,S1
LP17,P(4-BrPh)3,80.44,2873,1.67555132213192,S1
LP18,P(4-FPh)3,77.84,2780,1.5993968781049557,S1
LP19,P(4-CF3Ph)3,86.81,3100,1.4547665909816156,S1
LP20,"P(3,5-(CF3)2Ph)3",69.71,2490,1.1842406962751624,S1
LP21,PPh2Cy,78.85,2816,1.4840689120471131,S1
LP22,PPhCy2,80.5,2875,1.2234946327547171,S1
LP23,"P(3,5-Me2Ph)3",88.59,3164,1.77,S1
LP24,P(4-ClPh)3,83.58,2985,1.55,S1
LPP1,DPPE,8.75,313,0.78498297395145267,S2
LPP2,DPPP,2.59,93,0.72932968231091178,S2
LPP3,DPPB,11.44,409,2.4535064624874976,S2
LPP4,DPPPe,37.36,1334,1.997949573837541,S2
LPP5,DPPH,78.61,2808,1.7432611400833,S2
LPP6,DPPO,82.55,2952,1.706854390104136,S2
LPP7,DIOP,81.68,2917,1.6122982590600732,S2
LPP8,"1,2-(PPh2)2Ph",19.19,686,4.4119204965734173,S2
LPP9,"1,2-(CH2PPh2)2Ph",11.51,411,4.2355868819652844,S2
LPP10,"1,4-(PPh2)2Ph",79.76,2849,1.7576699446645991,S2
LPP11,"1,2-(CH2P(tBu)2)2Ph",5.29,189,1.4122734622469635,S2
LPP12,Xantphos,12.27,438,11.182285418494418,S2
LPP13,DPEphos,4.04,159,2.8382875867722874,S2
LPP14,NiXantphos,14.35,512,18.948280452632151,S2
LPP15,PCy2-Xantphos,0.33,12,15.268491231205651,S2
LPP16,P(tBu)2-Xantphos,20.8,743,1.2379912970762199,S2
LPP17,DBFphos,47.94,1712,1.9337519548456119,S2
LPP18,BISBI,19.45,695,18.563599805745877,S2
LPP19,BIPHEP,0.93,33,0.96254759135886248,S2
LPP20,BINAP,1.14,41,1.72236558300464,S2
LPP21,SEGPHOS,1.7,61,1.0485936991218803,S2
LPP22,Biphephos,82.68,2953,30.213195672028469,S2
LPP23,"Biphenyl-2,2'-diyl phosphite",5.31,190,3.9143418421620444,S2
LPP24,Binaphtphos,56.57,2020,7.8733664847113127,S2
