ligand_id,θP-Rh-R,θH-Rh-Cα,θH-Rh-Cβ,θH-Rh-Cγ,θH-Rh-Pe,θH-Rh-Pa,θCα-Rh-Pa,θCα-Rh-Pe,θCβ-Rh-Pa,θCβ-Rh-Pe,θH-Rh-CO,θPe-Rh-CO,θPα-Rh-CO,DH-Cα,DH-Cβ,DH-Cγ,DH-Pe,DH-Pa,DCα-Pa,DCα-Pe,DCβ-Pa,DCβ-Pe,θH-Rh-Cα-Cβ,θH-Rh-Cβ-Cα,DP(a)-Rh,DP(e)-Rh,DP-P,DH-Rh,DRh-CO,vH,峰高_vH,vCO,峰高_vco,ESP(Rh),ESP(Pa),ESP(Pe),ESP(Cα),ESP(Cβ),ESP(H),NPA(Rh),NPA(Pa),NPA(Pe),NPA(Cα),NPA(Cβ),NPA(H),Q(Rh),Q(Pa),Q(Pe),Q(Cα),Q(Cβ),Q(H),ELUMO,EHOMO,E(HO-LU),Vbur,锥角(°),experimental_LB
LP1,101.50678000000001,84.78837,85.184910000000002,63.526220000000002,86.129429999999999,172.27786,95.997900000000001,91.91225,90.728129999999993,129.54483999999999,82.04571,114.69918,93.583759999999998,2.5712799999999998,2.5888399999999998,2.8304499999999999,2.7433200000000002,3.9353199999999999,3.37398,3.2555100000000001,3.2383899999999999,4.1043500000000002,-88.856470000000002,87.699449999999999,2.3615599999999999,2.35033,3.6490399999999998,1.58236,1.86772,2095.4400000000001,481.24079999999998,2049.46,1110.2954999999999,0.22800000000000001,-0.92000000000000004,-0.60499999999999998,-0.56499999999999995,0.245,-0.17699999999999999,-1.4490000000000001,1.3080000000000001,1.2889999999999999,-0.438,-0.189,0.14499999999999999,-0.42399999999999999,0.45800000000000002,0.44400000000000001,-0.36099999999999999,-0.070000000000000007,-0.019,-0.036880000000000003,-0.19725999999999999,-0.16037999999999999,0.72155561161741899,99.715000000000003,1.6782142535864
LP2,101.40891000000001,84.73612,85.417599999999993,63.831060000000001,86.143739999999994,172.34557000000001,96.133099999999999,92.024760000000001,90.604680000000002,129.74092999999999,82.20102,114.50004,93.406220000000005,2.5691799999999998,2.5929799999999998,2.8380100000000001,2.7468499999999998,3.9396900000000001,3.3787699999999998,3.2597999999999998,3.2358099999999999,4.1086099999999997,-89.299459999999996,87.313959999999994,2.3648199999999999,2.3536199999999998,3.6516500000000001,1.5833299999999999,1.8668800000000001,2090.1500000000001,514.35659999999996,2046.1500000000001,1117.6107,-0.031,-0.28499999999999998,-0.29899999999999999,-0.58099999999999996,0.27800000000000002,-0.161,-1.4450000000000001,1.3109999999999999,1.294,-0.44,-0.191,0.14199999999999999,-0.434,0.46999999999999997,0.46200000000000002,-0.36699999999999999,-0.071999999999999995,-0.023,-0.03039,-0.19248999999999999,-0.16209999999999999,0.72045386458957461,99.525000000000006,1.7576664864503477
LP3,101.4104,85.501109999999997,85.023200000000003,63.058160000000001,85.812970000000007,172.72595000000001,95.113619999999997,91.233590000000007,91.01782,128.72648000000001,82.354410000000001,115.23466999999999,93.659329999999997,2.5901000000000001,2.5861299999999998,2.8177599999999998,2.7355499999999999,3.9365299999999999,3.3511500000000001,3.2373799999999999,3.2460100000000001,4.0898199999999996,-87.676569999999998,89.072149999999993,2.3605499999999999,2.34918,3.64486,1.58362,1.86592,2090.9299999999998,483.36689999999999,2044.5999999999999,1081.5166999999999,-0.23599999999999999,-0.108,-0.122,-0.73199999999999998,0.377,-0.14299999999999999,-1.4490000000000001,1.3100000000000001,1.292,-0.439,-0.191,0.14199999999999999,-0.46700000000000003,0.502,0.46800000000000003,-0.34699999999999998,-0.072999999999999995,-0.014,-0.033509999999999998,-0.19449,-0.16098000000000001,0.73757331840686202,99.780000000000001,1.6788347992495656
LP4,101.92995999999999,83.889439999999993,82.273979999999995,60.006799999999998,80.50197,177.01695000000001,93.763940000000005,105.18304999999999,94.74297,140.90242000000001,81.907079999999993,108.57585,98.841329999999999,2.5478499999999999,2.4987699999999999,2.7147999999999999,2.6539100000000002,4.0017100000000001,3.3752900000000001,3.6551900000000002,3.39201,4.3204399999999996,-85.262990000000002,89.958889999999997,2.43554,2.4157700000000002,3.7683300000000002,1.5674600000000001,1.8688499999999999,2156.4699999999998,388.72160000000002,2044.3699999999999,944.85170000000005,0.161,-1.2929999999999999,-0.68999999999999995,-0.57499999999999996,0.32900000000000001,-0.105,-1.3240000000000001,1.234,1.232,-0.47299999999999998,-0.185,0.182,-0.32300000000000001,0.29099999999999998,0.27900000000000003,-0.45400000000000001,-0.060999999999999999,0.025999999999999999,-0.033750000000000002,-0.19978000000000001,-0.16603000000000001,0.77852519630412165,95.890000000000001,0.81011514692008268
LP5,101.48784000000001,84.804230000000004,85.239469999999997,63.585970000000003,86.151219999999995,172.27005,95.998249999999999,92.037450000000007,90.681079999999994,129.69301999999999,82.086640000000003,114.60926000000001,93.52364,2.57138,2.5896599999999999,2.83182,2.7444500000000001,3.9363100000000002,3.3741500000000002,3.2589899999999998,3.2370899999999998,4.1066700000000003,-88.923919999999995,87.654619999999994,2.3622800000000002,2.3509000000000002,3.64954,1.5826499999999999,1.86748,2093.52,489.06040000000002,2048.3200000000002,1090.5723,0.10000000000000001,-0.56499999999999995,-0.50800000000000001,-0.57499999999999996,0.26100000000000001,-0.16600000000000001,-1.448,1.3089999999999999,1.29,-0.439,-0.189,0.14399999999999999,-0.42799999999999999,0.46300000000000002,0.44800000000000001,-0.36199999999999999,-0.070000000000000007,-0.02,-0.0344,-0.19575999999999999,-0.16136,0.72130333322821738,99.680000000000007,1.6782893212927115
LP6,104.05594000000001,85.752579999999995,84.933170000000004,62.912399999999998,85.696619999999996,170.18680000000001,94.433220000000006,94.498170000000002,89.1875,132.02384000000001,81.813569999999999,108.20009,93.895750000000007,2.59023,2.5790600000000001,2.8153899999999998,2.7488100000000002,3.9503400000000002,3.3466900000000002,3.3385799999999999,3.2086299999999999,4.1601900000000001,-87.204369999999997,89.588319999999996,2.3834599999999999,2.37052,3.74762,1.58081,1.8666199999999999,2095.98,479.01240000000001,2050.0900000000001,1013.6994,-0.26100000000000001,-0.46000000000000002,-0.40799999999999997,-0.63500000000000001,0.35999999999999999,-0.105,-1.4039999999999999,1.2889999999999999,1.278,-0.443,-0.191,0.14799999999999999,-0.41499999999999998,0.40899999999999997,0.41899999999999998,-0.35999999999999999,-0.092999999999999999,-0.014999999999999999,-0.033439999999999998,-0.19089,-0.15745000000000001,0.73454991958626348,98.519999999999996,1.2091696481548653
LP7,101.24339999999999,84.962789999999998,85.497169999999997,63.81738,86.064620000000005,172.60948999999999,95.776619999999994,92.064080000000004,90.571640000000002,129.79956000000001,82.247240000000005,114.76765,93.565029999999993,2.5746600000000002,2.5939100000000002,2.83589,2.74539,3.9400599999999999,3.3681399999999999,3.26051,3.2327699999999999,4.1078400000000004,-89.135540000000006,87.580200000000005,2.3636400000000002,2.3534999999999999,3.6462300000000001,1.5843100000000001,1.8662399999999999,2085.04,526.66330000000005,2044.8299999999999,1137.0319,-0.17000000000000001,-0.129,-0.32400000000000001,-0.61799999999999999,0.33100000000000002,-0.13900000000000001,-1.4510000000000001,1.3220000000000001,1.302,-0.441,-0.193,0.14000000000000001,-0.44,0.47499999999999998,0.46999999999999997,-0.36899999999999999,-0.072999999999999995,-0.025999999999999999,-0.023619999999999999,-0.18806,-0.16444,0.72047751568856233,99.569999999999993,1.7553423780149464
LP8,101.50205,85.105249999999998,85.531890000000004,63.853839999999998,85.971249999999998,172.40762000000001,95.845830000000007,92.18459,90.611559999999997,129.75230999999999,81.704599999999999,115.15861,93.767319999999998,2.58161,2.5987399999999998,2.8395199999999998,2.7405300000000001,3.9319099999999998,3.3691800000000001,3.2659500000000001,3.2334100000000001,4.1103800000000001,-89.019069999999999,87.771889999999999,2.35737,2.3511799999999998,3.6463199999999998,1.5828599999999999,1.8688,2082.0599999999999,458.12790000000001,2053.8800000000001,1085.0775000000001,-0.031,-0.029000000000000001,0.045999999999999999,-0.58299999999999996,0.16800000000000001,0.14499999999999999,-1.452,1.3109999999999999,1.2889999999999999,-0.438,-0.188,0.14899999999999999,-0.48399999999999999,0.48199999999999998,0.502,-0.371,-0.070000000000000007,-0.012,-0.028410000000000001,-0.19173999999999999,-0.16333,0.72929149191132414,99.810000000000002,1.7563837384559848
LP9,103.99352,84.389840000000007,84.662030000000001,63.05254,84.61036,171.38916,95.259889999999999,93.629260000000002,89.757350000000002,131.34948,82.397260000000003,109.32006,94.226429999999993,2.5533100000000002,2.56704,2.8173900000000001,2.71509,3.9390399999999999,3.3540899999999998,3.30403,3.2102499999999998,4.13497,-88.497559999999993,87.709739999999996,2.3698600000000001,2.3614700000000002,3.72817,1.57989,1.87052,2102.4299999999998,444.03789999999998,2048.5,1044.9127000000001,-0.25600000000000001,-0.56699999999999995,-0.42999999999999999,-0.53200000000000003,0.25900000000000001,-0.070000000000000007,-1.417,1.2969999999999999,1.2889999999999999,-0.44400000000000001,-0.193,0.153,-0.45000000000000001,0.41999999999999998,0.55900000000000005,-0.36099999999999999,-0.086999999999999994,-0.025000000000000001,-0.032070000000000001,-0.19014,-0.15806999999999999,0.75504162593421842,99.159999999999997,1.6122982590600732
LP10,101.41092999999999,84.597049999999996,85.040700000000001,63.434559999999998,86.170500000000004,172.33420000000001,96.217500000000001,91.593050000000005,90.940979999999996,129.13958,82.006829999999994,115.06285,93.619159999999994,2.5686200000000001,2.5881099999999999,2.8290099999999998,2.7400600000000002,3.9312299999999998,3.3793799999999998,3.24539,3.2446199999999998,4.0968799999999996,-88.873699999999999,87.575810000000004,2.3583099999999999,2.3457699999999999,3.6404899999999998,1.5813900000000001,1.8686100000000001,2100.8899999999999,466.92880000000002,2052.8299999999999,1067.7303999999999,0.21299999999999999,-0.82999999999999996,-0.60999999999999999,-0.53600000000000003,0.20899999999999999,-0.17199999999999999,-1.454,1.306,1.29,-0.435,-0.186,0.14899999999999999,-0.432,0.45500000000000002,0.44500000000000001,-0.35699999999999998,-0.065000000000000002,-0.014,-0.075444999999999998,-0.20316999999999999,-0.12772499999999998,0.72247012077827888,99.944999999999993,1.6356102040948319
LP11,104.40519999999999,82.2791,84.326040000000006,63.427549999999997,82.587620000000001,172.79938000000001,95.349879999999999,94.074669999999998,89.622110000000006,131.71486999999999,82.747140000000002,109.96785,96.236999999999995,2.50318,2.5579900000000002,2.8220800000000001,2.6705999999999999,3.9536799999999999,3.3690899999999999,3.3226,3.2180599999999999,4.14832,-90.652150000000006,84.714870000000005,2.3848400000000001,2.36869,3.75617,1.57633,1.8681099999999999,2109.4099999999999,422.15249999999997,2043.25,1014.749,-0.55200000000000005,-1.4630000000000001,-0.85199999999999998,-0.68300000000000005,0.438,0.055,-1.4330000000000001,1.294,1.2869999999999999,-0.44600000000000001,-0.189,0.184,-0.443,0.34200000000000003,0.40899999999999997,-0.35399999999999998,-0.106,0.029000000000000001,-0.074450000000000002,-0.1948,-0.12035,0.7423744915013718,98.539999999999992,1.6271063132106114
LP12,101.44692000000001,84.612470000000002,85.04777,63.425719999999998,86.20993,172.25532000000001,96.212739999999997,91.70411,90.890810000000002,129.28638000000001,81.940449999999998,115.03014,93.629260000000002,2.5680499999999999,2.58711,2.8279200000000002,2.74125,3.9314399999999998,3.3787500000000001,3.2478899999999999,3.24255,4.0983799999999997,-88.862949999999998,87.590779999999995,2.35873,2.3461099999999999,3.64202,1.5813600000000001,1.86917,2101.4400000000001,470.70850000000002,2054.52,1080.3812,0.17899999999999999,-0.76700000000000002,-0.55100000000000005,-0.55300000000000005,0.23899999999999999,-0.16800000000000001,-1.4530000000000001,1.306,1.2889999999999999,-0.436,-0.186,0.14899999999999999,-0.436,0.45800000000000002,0.44700000000000001,-0.35799999999999998,-0.067000000000000004,-0.014,-0.064909999999999995,-0.20165,-0.13674,0.72213703446753497,99.914999999999992,1.7555367909040598
LP13,101.28178,84.711830000000006,85.110830000000007,63.439509999999999,86.08408,172.55371,96.018519999999995,92.003209999999996,90.927779999999998,129.58788999999999,82.069149999999993,115.01492,93.695959999999999,2.5708600000000001,2.5880200000000002,2.8267699999999998,2.7389999999999999,3.9338700000000002,3.3744999999999998,3.2564799999999998,3.2435100000000001,4.1027699999999996,-88.836839999999995,87.671279999999996,2.3597700000000001,2.3465199999999999,3.6388500000000001,1.5821000000000001,1.8682399999999999,2097.2600000000002,473.57810000000001,2051.1999999999998,1118.1204,0.151,-0.78400000000000003,-0.53900000000000003,-0.60199999999999998,0.26100000000000001,-0.16700000000000001,-1.4530000000000001,1.3080000000000001,1.2909999999999999,-0.437,-0.186,0.14699999999999999,-0.436,0.45200000000000001,0.44,-0.35399999999999998,-0.073999999999999996,-0.016,-0.057750000000000003,-0.20044000000000001,-0.14269000000000001,0.7217743842830564,99.879999999999995,1.7654667866558105
LP14,103.97087000000001,85.043509999999998,85.063640000000007,63.316650000000003,85.159419999999997,170.75905,95.996920000000003,91.453479999999999,90.128640000000004,129.01182,81.60933,112.59066,93.364540000000005,2.5741200000000002,2.5833400000000002,2.82674,2.7365499999999998,3.9452600000000002,3.3852600000000002,3.25766,3.2328600000000001,4.1137300000000003,-88.328209999999999,88.269559999999998,2.3780999999999999,2.3719700000000001,3.7423600000000001,1.5794900000000001,1.8665,2109.96,458.33780000000002,2048.29,1033.0873999999999,-0.30299999999999999,-0.90900000000000003,-0.46500000000000002,-0.63600000000000001,0.38400000000000001,-0.095000000000000001,-1.4119999999999999,1.296,1.2809999999999999,-0.439,-0.191,0.14899999999999999,-0.42299999999999999,0.42899999999999999,0.42299999999999999,-0.373,-0.069000000000000006,-0.017000000000000001,-0.050849999999999999,-0.19561999999999999,-0.14476999999999998,0.73571079436157805,98.629999999999995,2.386820439923703
LP15,101.29289,84.754009999999994,85.091239999999999,63.418320000000001,86.316720000000004,172.28932,96.108590000000007,92.071950000000001,90.894419999999997,129.6978,81.950149999999994,114.80465,93.596010000000007,2.5708700000000002,2.5868099999999998,2.8268599999999999,2.7463700000000002,3.9335499999999999,3.37595,3.2590300000000001,3.2418800000000001,4.10562,-88.748500000000007,87.764240000000001,2.3598300000000001,2.3486899999999999,3.64086,1.5823,1.8689899999999999,2096.6700000000001,524.33579999999995,2053.3499999999999,1137.7128,0.215,-0.85399999999999998,-0.58799999999999997,-0.53500000000000003,0.22900000000000001,-0.17399999999999999,-1.45,1.3100000000000001,1.29,-0.437,-0.187,0.14499999999999999,-0.43099999999999999,0.46200000000000002,0.44600000000000001,-0.35899999999999999,-0.068000000000000005,-0.017999999999999999,-0.04308,-0.2014,-0.15831999999999999,0.72171722746050271,99.810000000000002,1.6752686779930017
LP16,103.49095,85.995339999999999,84.760260000000002,62.53877,86.30386,170.08725000000001,94.489279999999994,95.305599999999998,89.541269999999997,132.80488,81.419250000000005,108.17725,93.879379999999998,2.5971799999999998,2.57796,2.8041900000000002,2.7625000000000002,3.9306899999999998,3.33189,3.3586,3.2042700000000002,4.1726400000000003,-86.611890000000002,90.207599999999999,2.3618700000000001,2.3683000000000001,3.7144499999999998,1.583,1.8698999999999999,2088.3099999999999,481.15219999999999,2058.5300000000002,994.64700000000005,-0.224,-0.55800000000000005,-1.1919999999999999,-0.63900000000000001,0.36799999999999999,-0.083000000000000004,-1.4199999999999999,1.3069999999999999,1.288,-0.44400000000000001,-0.188,0.14299999999999999,-0.42499999999999999,0.442,0.40100000000000002,-0.34000000000000002,-0.081000000000000003,-0.02,-0.039960000000000002,-0.19600999999999999,-0.15604999999999999,0.74006653842515213,99.189999999999998,1.1280384113700821
LP17,101.78202,84.448610000000002,84.93759,63.347859999999997,86.173749999999998,171.96614,96.213669999999993,92.408109999999994,90.686480000000003,129.97927000000001,81.811089999999993,114.50354,93.723680000000002,2.5635599999999998,2.5845500000000001,2.8254700000000001,2.7397999999999998,3.9306999999999999,3.3790800000000001,3.26675,3.2377500000000001,4.1103100000000001,-88.894390000000001,87.465209999999999,2.3594300000000001,2.3458700000000001,3.6510799999999999,1.58057,1.87104,2105.4299999999998,499.62240000000003,2058.2800000000002,1113.2618,0.224,-1.0529999999999999,-0.54200000000000004,-0.45800000000000002,0.17699999999999999,-0.16500000000000001,-1.4510000000000001,1.3109999999999999,1.2949999999999999,-0.435,-0.183,0.151,-0.441,0.45600000000000002,0.45200000000000001,-0.35699999999999998,-0.066000000000000003,-0.01,-0.053150000000000003,-0.20907000000000001,-0.15592,0.7221823657405948,99.909999999999997,1.67555132213192
LP18,101.5684,84.733670000000004,85.145939999999996,63.497010000000003,86.188059999999993,172.16609,95.970249999999993,92.103859999999997,90.629940000000005,129.72954999999999,81.922529999999995,114.73766000000001,93.69229,2.5699000000000001,2.58832,2.8294299999999999,2.7432699999999999,3.9331999999999998,3.3721000000000001,3.2596400000000001,3.2349800000000002,4.1066500000000001,-88.863889999999998,87.660659999999993,2.3599999999999999,2.34877,3.6482199999999998,1.58205,1.8689499999999999,2098.46,478.16640000000001,2052.9299999999998,1097.5951,-0.029000000000000001,-0.23899999999999999,-0.309,-0.57999999999999996,0.28399999999999997,-0.154,-1.4550000000000001,1.3169999999999999,1.298,-0.437,-0.186,0.14599999999999999,-0.433,0.46200000000000002,0.44800000000000001,-0.35999999999999999,-0.068000000000000005,-0.016,-0.042419999999999999,-0.2046,-0.16217999999999999,0.72149648386995047,99.805000000000007,1.5993968781049557
LP19,101.99735,84.131050000000002,84.790099999999995,63.287739999999999,86.174750000000003,171.72811999999999,96.578890000000001,93.052279999999996,90.731589999999997,130.608,81.675579999999997,113.88675000000001,93.690010000000001,2.5557599999999998,2.5809299999999999,2.8236400000000001,2.7368899999999998,3.9298799999999998,3.39011,3.2827299999999999,3.2405300000000001,4.1191399999999998,-89.064409999999995,87.137069999999994,2.3607300000000002,2.3432900000000001,3.6556600000000001,1.579,1.87273,2110.23,431.56490000000002,2062.6799999999998,1064.8291999999999,0.185,-0.93899999999999995,-0.48299999999999998,-0.5,0.20399999999999999,-0.156,-1.4470000000000001,1.302,1.2889999999999999,-0.435,-0.18099999999999999,0.157,-0.45400000000000001,0.437,0.46000000000000002,-0.35299999999999998,-0.064000000000000001,-0.0040000000000000001,-0.063990000000000005,-0.21537000000000001,-0.15138000000000001,0.7241670871306487,99.950000000000003,1.4547665909816156
LP20,104.06571,85.108469999999997,83.960589999999996,62.010159999999999,86.187129999999996,169.66408999999999,95.616950000000003,92.356189999999998,90.323849999999993,129.5463,80.616730000000004,113.48678,93.85427,2.58121,2.5677599999999998,2.7977699999999999,2.7176300000000002,3.9049100000000001,3.3553899999999999,3.2507600000000001,3.2232099999999999,4.08962,-86.448939999999993,89.820849999999993,2.3437399999999999,2.3209499999999998,3.6775000000000002,1.5765,1.8815,2130,277.04070000000002,2097.8099999999999,657.44979999999998,-0.033000000000000002,-0.57199999999999995,-0.309,-0.44400000000000001,0.16700000000000001,-0.112,-1.48,1.3069999999999999,1.3,-0.42599999999999999,-0.17599999999999999,0.17199999999999999,-0.55400000000000005,0.45800000000000002,0.49399999999999999,-0.34200000000000003,-0.064000000000000001,0.023,-0.076280000000000001,-0.22334000000000001,-0.14706000000000002,0.76290955819747086,101.11000000000001,1.1842406962751624
LP21,103.63938,84.011080000000007,84.739829999999998,63.127549999999999,80.993219999999994,174.88444000000001,93.285920000000004,95.745500000000007,90.451409999999996,133.02912000000001,82.325810000000004,111.68613000000001,97.767120000000006,2.5496599999999998,2.5655100000000002,2.80999,2.61727,3.9648599999999998,3.3168099999999998,3.3529900000000001,3.2376900000000002,4.1431300000000002,-89.105170000000001,86.996510000000001,2.38619,2.3470900000000001,3.7207599999999998,1.58246,1.86791,2096.6799999999998,411.30360000000002,2032.99,1043.3224,0.001,-0.86099999999999999,-0.60399999999999998,-0.624,0.28299999999999997,-0.114,-1.431,1.3080000000000001,1.3089999999999999,-0.44500000000000001,-0.189,0.16800000000000001,-0.41699999999999998,0.36299999999999999,0.46000000000000002,-0.36499999999999999,-0.083000000000000004,0.012,-0.02818,-0.19355,-0.16536999999999999,0.73460510548390145,99.120000000000005,1.4840689120471131
LP22,102.48763,83.374089999999995,85.625399999999999,64.461979999999997,81.154899999999998,176.08686,94.843329999999995,94.484800000000007,90.821190000000001,132.16654,81.950789999999998,113.31975,97.761269999999996,2.5342600000000002,2.5849199999999999,2.8448000000000002,2.6286999999999998,4.00237,3.3851200000000001,3.3254700000000001,3.2729699999999999,4.13591,-91.349109999999996,84.839640000000003,2.4213800000000001,2.3559600000000001,3.7256800000000001,1.5832200000000001,1.8674599999999999,2084.21,413.91840000000002,2033.2,1064.55,0.025000000000000001,-1.431,-0.501,-0.57399999999999995,0.35399999999999998,-0.152,-1.417,1.276,1.3280000000000001,-0.45600000000000002,-0.19600000000000001,0.161,-0.46300000000000002,0.40999999999999998,0.40400000000000003,-0.39600000000000002,-0.089999999999999997,0.01,-0.023439999999999999,-0.18926999999999999,-0.16583000000000001,0.74995861057677149,97.914999999999992,1.2234946327547171
LP23,101.6554,85.763670000000005,85.466579999999993,63.57385,86.029179999999997,172.23920000000001,95.035989999999998,91.453029999999998,90.433070000000001,129.01786999999999,82.030559999999994,114.35321,93.671440000000004,2.5956299999999999,2.59701,2.8364199999999999,2.7370899999999998,3.9346899999999998,3.34754,3.23936,3.2292200000000002,4.0910200000000003,-88.06147,88.928529999999995,2.3584000000000001,2.34457,3.64676,1.5839799999999999,1.86633,2076.0900000000001,495.9511,2044.6199999999999,1077.6792,-0.45300000000000001,0.40699999999999997,0.10100000000000001,-0.67100000000000004,0.32500000000000001,-0.112,-1.452,1.3180000000000001,1.2929999999999999,-0.439,-0.19400000000000001,0.14299999999999999,-0.48299999999999998,0.49299999999999999,0.47699999999999998,-0.35099999999999998,-0.069000000000000006,-0.017000000000000001,-0.029780000000000001,-0.19053,-0.16075,0.75504162593421842,99.944999999999993,1.77
LP24,101.6734,84.453019999999995,85.141670000000005,63.642339999999997,86.176159999999996,172.04969,96.362260000000006,92.248339999999999,90.669709999999995,129.80721,81.645269999999996,115.00471,93.761619999999994,2.5655399999999999,2.5903100000000001,2.8345099999999999,2.74037,3.92944,3.38307,3.2641300000000002,3.2365900000000001,4.10867,-89.225319999999996,87.210279999999997,2.3575599999999999,2.3462499999999999,3.6471800000000001,1.5809899999999999,1.8699399999999999,2100.0999999999999,491.20839999999998,2057.2730999999999,1112.7618,0.107,-0.73799999999999999,-0.45900000000000002,-0.498,0.219,-0.154,-1.4570000000000001,1.3109999999999999,1.2929999999999999,-0.435,-0.183,0.14999999999999999,-0.439,0.46000000000000002,0.42799999999999999,-0.35599999999999998,-0.066000000000000003,-0.010999999999999999,-0.05357,-0.21029,-0.15672,0.72929149191132403,99.950000000000003,1.55
