task_id,case_dir,pipeline,ligand_class,target,outer_fold,heldout_ligand,n_train,full_feature_count,fixed_Phi,fixed_D,nested_Phi_grid,nested_D_grid,operators,safe_denominator
1,cases/001_M_LP1,M,mono,raw,1,LP1,23,56,2,4,1;2,1;2;3;4,()(+)(-)(/)(^-1)(^2)(sqrt)(|-|),False
2,cases/002_M_LP2,M,mono,raw,2,LP2,23,56,2,4,1;2,1;2;3;4,()(+)(-)(/)(^-1)(^2)(sqrt)(|-|),False
3,cases/003_M_LP3,M,mono,raw,3,LP3,23,56,2,4,1;2,1;2;3;4,()(+)(-)(/)(^-1)(^2)(sqrt)(|-|),False
4,cases/004_M_LP4,M,mono,raw,4,LP4,23,56,2,4,1;2,1;2;3;4,()(+)(-)(/)(^-1)(^2)(sqrt)(|-|),False
5,cases/005_M_LP5,M,mono,raw,5,LP5,23,56,2,4,1;2,1;2;3;4,()(+)(-)(/)(^-1)(^2)(sqrt)(|-|),False
6,cases/006_M_LP6,M,mono,raw,6,LP6,23,56,2,4,1;2,1;2;3;4,()(+)(-)(/)(^-1)(^2)(sqrt)(|-|),False
7,cases/007_M_LP7,M,mono,raw,7,LP7,23,56,2,4,1;2,1;2;3;4,()(+)(-)(/)(^-1)(^2)(sqrt)(|-|),False
8,cases/008_M_LP8,M,mono,raw,8,LP8,23,56,2,4,1;2,1;2;3;4,()(+)(-)(/)(^-1)(^2)(sqrt)(|-|),False
9,cases/009_M_LP9,M,mono,raw,9,LP9,23,56,2,4,1;2,1;2;3;4,()(+)(-)(/)(^-1)(^2)(sqrt)(|-|),False
10,cases/010_M_LP10,M,mono,raw,10,LP10,23,56,2,4,1;2,1;2;3;4,()(+)(-)(/)(^-1)(^2)(sqrt)(|-|),False
11,cases/011_M_LP11,M,mono,raw,11,LP11,23,56,2,4,1;2,1;2;3;4,()(+)(-)(/)(^-1)(^2)(sqrt)(|-|),False
12,cases/012_M_LP12,M,mono,raw,12,LP12,23,56,2,4,1;2,1;2;3;4,()(+)(-)(/)(^-1)(^2)(sqrt)(|-|),False
13,cases/013_M_LP13,M,mono,raw,13,LP13,23,56,2,4,1;2,1;2;3;4,()(+)(-)(/)(^-1)(^2)(sqrt)(|-|),False
14,cases/014_M_LP14,M,mono,raw,14,LP14,23,56,2,4,1;2,1;2;3;4,()(+)(-)(/)(^-1)(^2)(sqrt)(|-|),False
15,cases/015_M_LP15,M,mono,raw,15,LP15,23,56,2,4,1;2,1;2;3;4,()(+)(-)(/)(^-1)(^2)(sqrt)(|-|),False
16,cases/016_M_LP16,M,mono,raw,16,LP16,23,56,2,4,1;2,1;2;3;4,()(+)(-)(/)(^-1)(^2)(sqrt)(|-|),False
17,cases/017_M_LP17,M,mono,raw,17,LP17,23,56,2,4,1;2,1;2;3;4,()(+)(-)(/)(^-1)(^2)(sqrt)(|-|),False
18,cases/018_M_LP18,M,mono,raw,18,LP18,23,56,2,4,1;2,1;2;3;4,()(+)(-)(/)(^-1)(^2)(sqrt)(|-|),False
19,cases/019_M_LP19,M,mono,raw,19,LP19,23,56,2,4,1;2,1;2;3;4,()(+)(-)(/)(^-1)(^2)(sqrt)(|-|),False
20,cases/020_M_LP20,M,mono,raw,20,LP20,23,56,2,4,1;2,1;2;3;4,()(+)(-)(/)(^-1)(^2)(sqrt)(|-|),False
21,cases/021_M_LP21,M,mono,raw,21,LP21,23,56,2,4,1;2,1;2;3;4,()(+)(-)(/)(^-1)(^2)(sqrt)(|-|),False
22,cases/022_M_LP22,M,mono,raw,22,LP22,23,56,2,4,1;2,1;2;3;4,()(+)(-)(/)(^-1)(^2)(sqrt)(|-|),False
23,cases/023_M_LP23,M,mono,raw,23,LP23,23,56,2,4,1;2,1;2;3;4,()(+)(-)(/)(^-1)(^2)(sqrt)(|-|),False
24,cases/024_M_LP24,M,mono,raw,24,LP24,23,56,2,4,1;2,1;2;3;4,()(+)(-)(/)(^-1)(^2)(sqrt)(|-|),False
25,cases/025_B_LPP1,B,bi,log,1,LPP1,23,59,2,4,1;2,1;2;3;4,()(+)(-)(/)(^-1)(^2)(sqrt)(|-|),False
26,cases/026_B_LPP2,B,bi,log,2,LPP2,23,59,2,4,1;2,1;2;3;4,()(+)(-)(/)(^-1)(^2)(sqrt)(|-|),False
27,cases/027_B_LPP3,B,bi,log,3,LPP3,23,59,2,4,1;2,1;2;3;4,()(+)(-)(/)(^-1)(^2)(sqrt)(|-|),False
28,cases/028_B_LPP4,B,bi,log,4,LPP4,23,59,2,4,1;2,1;2;3;4,()(+)(-)(/)(^-1)(^2)(sqrt)(|-|),False
29,cases/029_B_LPP5,B,bi,log,5,LPP5,23,59,2,4,1;2,1;2;3;4,()(+)(-)(/)(^-1)(^2)(sqrt)(|-|),False
30,cases/030_B_LPP6,B,bi,log,6,LPP6,23,59,2,4,1;2,1;2;3;4,()(+)(-)(/)(^-1)(^2)(sqrt)(|-|),False
31,cases/031_B_LPP7,B,bi,log,7,LPP7,23,59,2,4,1;2,1;2;3;4,()(+)(-)(/)(^-1)(^2)(sqrt)(|-|),False
32,cases/032_B_LPP8,B,bi,log,8,LPP8,23,59,2,4,1;2,1;2;3;4,()(+)(-)(/)(^-1)(^2)(sqrt)(|-|),False
33,cases/033_B_LPP9,B,bi,log,9,LPP9,23,59,2,4,1;2,1;2;3;4,()(+)(-)(/)(^-1)(^2)(sqrt)(|-|),False
34,cases/034_B_LPP10,B,bi,log,10,LPP10,23,59,2,4,1;2,1;2;3;4,()(+)(-)(/)(^-1)(^2)(sqrt)(|-|),False
35,cases/035_B_LPP11,B,bi,log,11,LPP11,23,59,2,4,1;2,1;2;3;4,()(+)(-)(/)(^-1)(^2)(sqrt)(|-|),False
36,cases/036_B_LPP12,B,bi,log,12,LPP12,23,59,2,4,1;2,1;2;3;4,()(+)(-)(/)(^-1)(^2)(sqrt)(|-|),False
37,cases/037_B_LPP13,B,bi,log,13,LPP13,23,59,2,4,1;2,1;2;3;4,()(+)(-)(/)(^-1)(^2)(sqrt)(|-|),False
38,cases/038_B_LPP14,B,bi,log,14,LPP14,23,59,2,4,1;2,1;2;3;4,()(+)(-)(/)(^-1)(^2)(sqrt)(|-|),False
39,cases/039_B_LPP15,B,bi,log,15,LPP15,23,59,2,4,1;2,1;2;3;4,()(+)(-)(/)(^-1)(^2)(sqrt)(|-|),False
40,cases/040_B_LPP16,B,bi,log,16,LPP16,23,59,2,4,1;2,1;2;3;4,()(+)(-)(/)(^-1)(^2)(sqrt)(|-|),False
41,cases/041_B_LPP17,B,bi,log,17,LPP17,23,59,2,4,1;2,1;2;3;4,()(+)(-)(/)(^-1)(^2)(sqrt)(|-|),False
42,cases/042_B_LPP18,B,bi,log,18,LPP18,23,59,2,4,1;2,1;2;3;4,()(+)(-)(/)(^-1)(^2)(sqrt)(|-|),False
43,cases/043_B_LPP19,B,bi,log,19,LPP19,23,59,2,4,1;2,1;2;3;4,()(+)(-)(/)(^-1)(^2)(sqrt)(|-|),False
44,cases/044_B_LPP20,B,bi,log,20,LPP20,23,59,2,4,1;2,1;2;3;4,()(+)(-)(/)(^-1)(^2)(sqrt)(|-|),False
45,cases/045_B_LPP21,B,bi,log,21,LPP21,23,59,2,4,1;2,1;2;3;4,()(+)(-)(/)(^-1)(^2)(sqrt)(|-|),False
46,cases/046_B_LPP22,B,bi,log,22,LPP22,23,59,2,4,1;2,1;2;3;4,()(+)(-)(/)(^-1)(^2)(sqrt)(|-|),False
47,cases/047_B_LPP23,B,bi,log,23,LPP23,23,59,2,4,1;2,1;2;3;4,()(+)(-)(/)(^-1)(^2)(sqrt)(|-|),False
48,cases/048_B_LPP24,B,bi,log,24,LPP24,23,59,2,4,1;2,1;2;3;4,()(+)(-)(/)(^-1)(^2)(sqrt)(|-|),False
