ligand_class,sample,target,y_true_model,y_pred_model,residual_model,y_true_LB,y_pred_LB,residual_LB
mono,LP1,raw,1.6782142535864,1.7162099876390773,0.03799573405267731,1.6782142535864,1.7162099876390773,0.03799573405267731
mono,LP2,raw,1.7576664864503477,1.7405958526636311,-0.017070633786716582,1.7576664864503477,1.7405958526636311,-0.017070633786716582
mono,LP3,raw,1.6788347992495656,1.7653303446515007,0.08649554540193516,1.6788347992495656,1.7653303446515007,0.08649554540193516
mono,LP4,raw,0.8101151469200827,0.8278728866924414,0.017757739772358727,0.8101151469200827,0.8278728866924414,0.017757739772358727
mono,LP5,raw,1.6782893212927115,1.7236150453485557,0.04532572405584423,1.6782893212927115,1.7236150453485557,0.04532572405584423
mono,LP6,raw,1.2091696481548653,1.1661480067186911,-0.04302164143617415,1.2091696481548653,1.1661480067186911,-0.04302164143617415
mono,LP7,raw,1.7553423780149464,1.7594982048879135,0.004155826872967117,1.7553423780149464,1.7594982048879135,0.004155826872967117
mono,LP8,raw,1.7563837384559848,1.6740774183963936,-0.08230632005959126,1.7563837384559848,1.6740774183963936,-0.08230632005959126
mono,LP9,raw,1.6122982590600732,1.662735412754568,0.05043715369449475,1.6122982590600732,1.662735412754568,0.05043715369449475
mono,LP10,raw,1.635610204094832,1.6885931793565447,0.052982975261712806,1.635610204094832,1.6885931793565447,0.052982975261712806
mono,LP11,raw,1.6271063132106114,1.5964875530257512,-0.030618760184860205,1.6271063132106114,1.5964875530257512,-0.030618760184860205
mono,LP12,raw,1.7555367909040598,1.6960631239296227,-0.05947366697443712,1.7555367909040598,1.6960631239296227,-0.05947366697443712
mono,LP13,raw,1.7654667866558105,1.6756079339414427,-0.08985885271436778,1.7654667866558105,1.6756079339414427,-0.08985885271436778
mono,LP14,raw,2.386820439923703,2.3861246083492382,-0.0006958315744647336,2.386820439923703,2.3861246083492382,-0.0006958315744647336
mono,LP15,raw,1.6752686779930017,1.6803403635371534,0.005071685544151716,1.6752686779930017,1.6803403635371534,0.005071685544151716
mono,LP16,raw,1.128038411370082,1.1268861231782523,-0.0011522881918297756,1.128038411370082,1.1268861231782523,-0.0011522881918297756
mono,LP17,raw,1.67555132213192,1.5806623315107249,-0.09488899062119516,1.67555132213192,1.5806623315107249,-0.09488899062119516
mono,LP18,raw,1.5993968781049557,1.6599685060277025,0.06057162792274684,1.5993968781049557,1.6599685060277025,0.06057162792274684
mono,LP19,raw,1.4547665909816156,1.520230247762985,0.06546365678136934,1.4547665909816156,1.520230247762985,0.06546365678136934
mono,LP20,raw,1.1842406962751624,1.1997208219532816,0.015480125678119183,1.1842406962751624,1.1997208219532816,0.015480125678119183
mono,LP21,raw,1.484068912047113,1.4165675933568185,-0.06750131869029463,1.484068912047113,1.4165675933568185,-0.06750131869029463
mono,LP22,raw,1.2234946327547171,1.276748795729672,0.05325416297495478,1.2234946327547171,1.276748795729672,0.05325416297495478
mono,LP23,raw,1.77,1.71048209951066,-0.059517900489340025,1.77,1.71048209951066,-0.059517900489340025
mono,LP24,raw,1.55,1.6011142467099386,0.05111424670993858,1.55,1.6011142467099386,0.05111424670993858
bi,LPP1,log,-0.24209325066876172,-0.0781358275664985,0.16395742310226322,0.7849829739514527,0.9248387994083913,0.13985582545693864
bi,LPP2,log,-0.3156294100931465,-0.2519154765980076,0.06371393349513887,0.7293296823109118,0.7773104362148647,0.047980753903952955
bi,LPP3,log,0.8975182105315123,0.7110235750113372,-0.1864946355201751,2.4535064624874976,2.03607426714824,-0.41743219533925746
bi,LPP4,log,0.692121441588321,0.5022163253352616,-0.1899051162530594,1.997949573837541,1.652379425756597,-0.3455701480809441
bi,LPP5,log,0.5557575775091769,0.8970221907037033,0.3412646131945264,1.7432611400833,2.4522897764096014,0.7090286363263014
bi,LPP6,log,0.5346521385360302,0.667847424342165,0.13319528580613482,1.706854390104136,1.9500352012624154,0.2431808111582794
bi,LPP7,log,0.47766065120037926,0.3929637921310931,-0.08469685906928615,1.6122982590600732,1.4813647512974926,-0.13093350776258061
bi,LPP8,log,1.484310081413262,1.5778985539711954,0.09358847255793346,4.411920496573417,4.844764096048207,0.4328435994747899
bi,LPP9,log,1.4435218974792927,1.453043778716287,0.009521881236994378,4.235586881965284,4.276110260448273,0.04052337848298837
bi,LPP10,log,0.5639890368498092,0.6725698892114291,0.10858085236161996,1.7576699446645991,1.959265952789011,0.20159600812441192
bi,LPP11,log,0.34520079046598323,0.23533384934375334,-0.10986694112222989,1.4122734622469635,1.2653311281935327,-0.14694233405343082
bi,LPP12,log,2.4143308670948715,2.5510780894184037,0.1367472223235322,11.182285418494418,12.820918431106636,1.6386330126122175
bi,LPP13,log,1.0432009079140554,1.2973845875857748,0.2541836796717194,2.8382875867722874,3.659712482325167,0.8214248955528798
bi,LPP14,log,2.9417131861252934,2.6210291307282922,-0.3206840553970012,18.94828045263215,13.749866716612024,-5.198413736020127
bi,LPP15,log,2.7257913082719933,2.3745849581532052,-0.3512063501187881,15.268491231205651,10.746551991563937,-4.521939239641714
bi,LPP16,log,0.21349014441234762,0.2738759960949366,0.060385851682589003,1.23799129707622,1.3150517205788401,0.07706042350262021
bi,LPP17,log,0.6594621338138001,0.7651431817333751,0.105681047919575,1.933751954845612,2.1493020934241245,0.21555013857851257
bi,LPP18,log,2.9212026636021684,2.838656786711466,-0.08254587689070236,18.563599805745877,17.092790846841897,-1.4708089589039801
bi,LPP19,log,-0.03817176847494022,-0.6176714897064937,-0.5794997212315535,0.9625475913588625,0.539198506244202,-0.4233490851146605
bi,LPP20,log,0.5436986848692095,0.6922952771050674,0.14859659223585797,1.72236558300464,1.9982969186236978,0.2759313356190578
bi,LPP21,log,0.04744993229014018,0.22683784822041453,0.17938791593027434,1.0485936991218803,1.2546264115399703,0.20603271241809007
bi,LPP22,log,3.4082787717315237,3.2774052623564263,-0.13087350937509745,30.21319567202847,26.506904927581758,-3.7062907444467115
bi,LPP23,log,1.3646472034743837,1.2257774432760726,-0.1388697601983111,3.9143418421620444,3.406813657858883,-0.5075281843031614
bi,LPP24,log,2.0634857326821634,2.4393237863401946,0.37583805365803125,7.873366484711313,11.465285138443384,3.5919186537320718
